data/cancer_databases/Human_716_TSGs.txt	b0e57228349a08aaa369a7ed0d3f8ff6
data/cancer_databases/Human_716_TSGs.txt.readme	80ff4675dc0dfee9d3db4e7814e55343
data/cancer_databases/cancer_gene_census.tsv	fcb3fec50d80f52b9e9bb375f59bb467
data/cancer_databases/cancer_gene_census.tsv.readme	725bf2cebf435ea3679cf2e19425aee9
data/cancer_databases/cancergenes.txt	e6b1b867dcc9a4782ea4fe361aacc7d5
data/cancer_databases/cancergenes.txt.readme	c306af6cd8b471da747509134871488f
data/cosmic_sf3b1.tsv	46cde1261f5f902fd30ee84d07ca08cd
data/cosmic_sf3b1.tsv.readme	5cfc99c76fcd555754cad2416a69f6e9
data/express.readme	10cd147224226c36aab8f0b32306f317
data/express/01e63570-aa28-4169-81da-76e838845e78_results.xprs	94a2b040a664ea7e473dc27b1d13857a
data/express/04f38ef0-e3f5-452a-bc19-e5ae76a666ca_results.xprs	b1c58f7a3672e6be9aa533550d686807
data/express/059067a2-7bf7-4360-b564-3c94319ac2e2_results.xprs	23c4149e225865d51d58fec022215e4c
data/express/09004786-790a-48c9-b3ab-76e92f2e69dd_results.xprs	cfc8016ba76d922ccaef6a26d6eeac4b
data/express/12bd8213-844d-4b11-8036-d547d4112447_results.xprs	f8b87dab559d413ac901856b077dac15
data/express/1a6b6ef8-736e-424e-bcb4-b1640c15bf0e_results.xprs	57f322719bb0cbdf52ffd9368e403f84
data/express/1c764fb7-631c-4425-8083-7cd27dcbc809_results.xprs	7ebeed4fefced9e6d6e52864b15f60c9
data/express/20883c55-f271-44ea-a7d2-8806e02a088f_results.xprs	045a94f46fd785fa0a53c3750b47af28
data/express/22e1471d-75ca-4259-a147-a667914e2820_results.xprs	ecc7748056acdf8944f0415d46c11ae8
data/express/23712cb6-d37f-463d-8c24-99066067c283_results.xprs	73e392bacaaeb4b6b31e200f4ce855fb
data/express/26835e9c-11f9-476f-9d6b-ebc0ae3442e8_results.xprs	4e59043fe17fbc66ae5eeea50b97d970
data/express/319489b3-2148-4cec-93fb-0540d6cda6bf_results.xprs	fcb411a6f8387dc88c6c397dc1b0a73e
data/express/3e2f068a-8235-44c6-97cb-bbf8916a3949_results.xprs	15817f3261396e45a38bf2ea5f052578
data/express/3e82732e-8b47-4cb4-9035-22f9cdbc10c6_results.xprs	94efc54aca2126181540c46770252911
data/express/3ed7f6c6-5ab0-40cd-8da2-124a7451d287_results.xprs	d867f58c6a607f698397a7aa54dfa9d4
data/express/40dd04c6-ce5d-4c30-aaff-86ece9c78507_results.xprs	eacde667b76519a5c7156abd14942ff7
data/express/42857e49-6357-4fc2-966e-50c8d9ba841f_results.xprs	e6a7bf819d97cd87ac6f5c3f0d1a76b4
data/express/48f12aef-e572-4cd8-9c5a-edda7e5385aa_results.xprs	9b31427c2078fae9501bf4d78fe9cd7d
data/express/4c4b2906-f082-4fcc-83e0-039e163ee8cc_results.xprs	77a6772118befb2ffa80499303be22e0
data/express/4c9289e0-378e-4293-877c-e12d207f384e_results.xprs	b9280b4d0dc41421b20f62c048fa79ab
data/express/545c799d-6416-40a2-86e0-a132ed4885b3_results.xprs	a6f8adeb0929b599fa8e4736f48f6cab
data/express/5726682f-cb9d-4ccb-a5c7-0664d3ad0881_results.xprs	b064851809a713c5edcd7fef20fcedce
data/express/5b043b12-41f4-4bd9-89eb-57e7f27cfabf_results.xprs	967ca094f2cbfc1dd51ba9d80492e1b5
data/express/6004e153-e459-44c9-b3e7-5474bac6b953_results.xprs	97ea4bbef90175420200e300415bb2a7
data/express/63b2f6d2-2f86-4986-bcc1-9e1aae13f8bd_results.xprs	968ec92b9984fabcd9f93ea76d1e196d
data/express/646cf9ce-e8e9-4637-b843-2c6908a93a8f_results.xprs	21e8466a537df3d86c4b06d0eac40e04
data/express/6685b1ee-a9b3-4f67-95c5-507847dbcd63_results.xprs	79c95b6864c1dc1d4b07205c92923742
data/express/71263324-796a-4f08-bba6-ecb2ae483f5a_results.xprs	50994e50ff7d9c402ae4da3f63324884
data/express/766bbaa9-e498-471f-9f72-63a143e6656b_results.xprs	527b5106991761471722ae0ed35f1c41
data/express/775f1aa3-d8aa-42a4-928f-61defc5b5134_results.xprs	1cfdb55917ce7cc27423aea19650f52f
data/express/824425ea-7871-479f-9344-328cab4f26ad_results.xprs	34af7db644da5e9b028eb3d43a49ad8c
data/express/870fe86d-4cb7-46a9-8d3e-2057995e763c_results.xprs	03d115f1f2fc1d3f7fa9f3325157ff24
data/express/95350f94-dc26-45e6-8183-28e9c7250ade_results.xprs	daa58449df141e2b1a3b0574c110a994
data/express/SA00242_results.xprs	b4490fb9bbbd54b172520b819b3614f7
data/express/SA03982_results.xprs	5a802ca794c23ad367fd5123b58f59bb
data/express/SA05603_results.xprs	d82f0a98292e7251d78bb0a53bf37e00
data/express/SA15699_results.xprs	4695c1ee32e79ec04fbae7187f24fefc
data/express/SA22083_results.xprs	be0eec6e88fda33b47eed2b3d7520731
data/express/SA24823_results.xprs	716b56eb04ec71b256db1cf9d63e3f84
data/express/SA29677_results.xprs	803dd8e454a678cd05c35cd14d5cf295
data/express/SA30914_results.xprs	db74f0110d958a7345711ed993f4dfa7
data/express/SA52314_results.xprs	0d3406adbf6ee7b106fb8afc951320bf
data/express/SA52609_results.xprs	f1b63c3fb9c4f9a6be350c37dffd10eb
data/express/SA58773_results.xprs	a0813031aea4aa219d7c5e89a9bd08a3
data/express/SA65385_results.xprs	95d36fdfdb5b11f8968a118d896c7f67
data/express/SA66418_results.xprs	c378cd93b40a8f6a669db68fbf403dae
data/express/SA83613_results.xprs	7013d74ba6ec2f40757ac5b54c5028de
data/express/SA93051_results.xprs	d18fb4df613659176f28eb580d46d1a8
data/express/SA95730_results.xprs	8485cd5871c7713e24bd95b2e5b14da3
data/express/SRR628582_results.xprs	778a90eca04b168ee6ffc676ca7de91e
data/express/SRR628583_results.xprs	0a833e90a03e83f8d872c2ee3ef812ac
data/express/SRR628584_results.xprs	a8ccb7f1064c3bcc0c2ee28b8d0d0129
data/express/SRR628585_results.xprs	d8c82b99267ba6819fdd4dd2a7443c7a
data/express/SRR628586_results.xprs	b51c8acb4149b79e71678c22484677b5
data/express/SRR628587_results.xprs	544f2d32df18cb61f7472c02026df9f6
data/express/SRR628588_results.xprs	4046dcde6aa3f7ad07f3d4ddcb352968
data/express/SRR628589_results.xprs	a26a9318a3bfe649659fb434fe8dec22
data/express/a0fbd146-2f78-4b9c-bc09-4f4ccd112373_results.xprs	53641a9549fea49ec81d7d2caab56db4
data/express/a35a1390-32a3-4b30-a132-3aac37c1f8cb_results.xprs	da3f2f721959d6f712bfbc3c6cf06302
data/express/a3a2cddb-ba5f-4dbd-a51a-555e5d758fb3_results.xprs	fef5dc0614fc550c3508d1ba01c79f61
data/express/a4097518-431c-40b9-a540-2fc0d8f76e17_results.xprs	4c3573c8536f5ead80da6dd9225c1a2f
data/express/a81337f5-e346-42f0-87a2-9aab7dc1e5b4_results.xprs	3b8b04dcf447b256970db0cc27dc99c6
data/express/ac27f4b6-daeb-4cf8-b868-54a70d30778b_results.xprs	cc58f60cfce41bb3776e6111200841af
data/express/b48874ac-eaff-4ddb-b99b-1b96076914b1_results.xprs	05e59466214bf99c551934e068dbc2f8
data/express/b6b7fb9f-129f-4baa-961b-5715adb22a62_results.xprs	be18c4bc9705eda5cdc08d3bee67903e
data/express/bb496a29-fd16-4ffe-a000-4e70ea9aa76c_results.xprs	005fec11e0cf5bcdabd05004f8b20ebb
data/express/bc0af03f-aa40-4b39-8876-6f2e7397181c_results.xprs	bd1d66e83b7ad31af070e09b93188f7a
data/express/c52c3859-08f8-4f50-8596-bfa497a0d24f_results.xprs	4fe1d129bd818560e5475e9da89cca17
data/express/cd37724f-9a98-4676-b9a5-e8d6999db1f5_results.xprs	8c571e631aec5e46825eebdf8c666a1d
data/express/d217d14a-2132-433c-bcac-ccab9d296724_results.xprs	a3f40f4e3709a7dbb92ef015fa2f5964
data/express/d38df7db-3c58-4865-ae5a-e1e0b80201f1_results.xprs	f974e36abe65b02ddb43e7a499330bf2
data/express/d3e5466a-4861-4eb9-b5e9-f1b851afd72b_results.xprs	314ecdc3c722b5963c18565477406e0d
data/express/d6b6eb3b-00bd-412d-a610-bc474e0cc319_results.xprs	faff522f8dfb6e6bdfbb43efb1c4de5b
data/express/dfb5fd44-421f-473b-8aef-c7d275c5adcb_results.xprs	263e9faf11dc1d64ac53e7accfd8193e
data/express/ead4b73b-6a51-4863-b24c-44e0fff1bbce_results.xprs	74ddf61a530cdce57ce35ee047047ba8
data/express/eaedb35d-ec72-45df-8790-18deafa143b8_results.xprs	f779f8c6f32a144a07207dd30403e10c
data/express/f1d78984-f956-4ed0-9420-63a9e3de989b_results.xprs	0be7e34806fe4526b6fa11c53c5ef0ed
data/express/faba33e9-25ba-4bd5-af3d-d266e714ffa1_results.xprs	ff9b0770da8c23f43f839cdfecb3b3e8
data/express/fde0f3c2-c9db-4a98-89f9-53685c482160_results.xprs	a06e5f64fd3a3eb3155d9807c1a9b330
data/express/ff780a21-8949-4bd9-8354-7f636cbfe744_results.xprs	e693a36b48b04bc66aac6fd6a63968ed
data/express/fff72492-a90f-4699-a1d7-8e9186bd3cd6_results.xprs	e54d1595dcdac965b087c61933eaf7b0
data/figure_diagrams.readme	75013f5f2574e04f2553886fc859fe64
data/figure_diagrams/figure02_diagram.ai	b3cc5d6f3b196e2497871a2593920198
data/figure_diagrams/figure03_diagram.ai	46f713bb68c405d934d83f6c1544827e
data/ighv_zap70.tsv	0b4a2b34d41485dfcd6ec784409a136b
data/ighv_zap70.tsv.readme	7af0ffe62df9375a91b0fb3c7418425a
data/logfinal.readme	74da463af27c3f63737cc959975c30ac
data/logfinal/01e63570-aa28-4169-81da-76e838845e78.Log.final.out	fd378dd5787fbffca6727ebfd8c9abc1
data/logfinal/04f38ef0-e3f5-452a-bc19-e5ae76a666ca.Log.final.out	1e4c68d7b07a5fdfb8919a4af159e3e1
data/logfinal/059067a2-7bf7-4360-b564-3c94319ac2e2.Log.final.out	8f3e3efedd1e0c79d2250fa09e0a7b2d
data/logfinal/09004786-790a-48c9-b3ab-76e92f2e69dd.Log.final.out	fc5b734af8e2aadf50506957fe0f654b
data/logfinal/12bd8213-844d-4b11-8036-d547d4112447.Log.final.out	706b8ec93f39d5723908b5b79b18b33b
data/logfinal/1a6b6ef8-736e-424e-bcb4-b1640c15bf0e.Log.final.out	0fd61260915c5fa045d113a53cae7d49
data/logfinal/1c764fb7-631c-4425-8083-7cd27dcbc809.Log.final.out	e87259bf1e882ac535a0f1ac521f3dfd
data/logfinal/20883c55-f271-44ea-a7d2-8806e02a088f.Log.final.out	a5fa3eb0c3caf987d4b029ae901e4f41
data/logfinal/22e1471d-75ca-4259-a147-a667914e2820.Log.final.out	f5d388e0b3329be865cf5dc6b4a0e262
data/logfinal/23712cb6-d37f-463d-8c24-99066067c283.Log.final.out	43016ce255d6893c98fb00d47bd40f6b
data/logfinal/26835e9c-11f9-476f-9d6b-ebc0ae3442e8.Log.final.out	6a75eec0bd22e7359f69b2d5651d8f97
data/logfinal/319489b3-2148-4cec-93fb-0540d6cda6bf.Log.final.out	2293f2308d6e9f392307acd46c46a86d
data/logfinal/3e2f068a-8235-44c6-97cb-bbf8916a3949.Log.final.out	6713abb657b186ef2015a9ffacf066c4
data/logfinal/3e82732e-8b47-4cb4-9035-22f9cdbc10c6.Log.final.out	ed1635f4a15df2a99272ea015e450cc4
data/logfinal/3ed7f6c6-5ab0-40cd-8da2-124a7451d287.Log.final.out	a83ca023c65a0ed40d8629abf78a6413
data/logfinal/40dd04c6-ce5d-4c30-aaff-86ece9c78507.Log.final.out	79396f04c1bb3c7a498c556933fa6106
data/logfinal/42857e49-6357-4fc2-966e-50c8d9ba841f.Log.final.out	9ae95af9f22176f08e16dcdd7c70af98
data/logfinal/48f12aef-e572-4cd8-9c5a-edda7e5385aa.Log.final.out	15615ce53ebc9687f7bf7810f493a984
data/logfinal/4c4b2906-f082-4fcc-83e0-039e163ee8cc.Log.final.out	7fa929d8f6dfeb49b649f8163bc9191c
data/logfinal/4c9289e0-378e-4293-877c-e12d207f384e.Log.final.out	4f70c3f83f80c043a5396b09c98c3f35
data/logfinal/545c799d-6416-40a2-86e0-a132ed4885b3.Log.final.out	2e17340d6844ae96e5ae1da6bb36312c
data/logfinal/5726682f-cb9d-4ccb-a5c7-0664d3ad0881.Log.final.out	7192a94430feb0dc231b7575df3b4ad3
data/logfinal/5b043b12-41f4-4bd9-89eb-57e7f27cfabf.Log.final.out	505ee4c42115d2376f31466d4eb31f44
data/logfinal/6004e153-e459-44c9-b3e7-5474bac6b953.Log.final.out	65bbc29b1a6bf47669ea5d5c74a9076e
data/logfinal/63b2f6d2-2f86-4986-bcc1-9e1aae13f8bd.Log.final.out	e80bcbf03746aaa4c9b3eb05253451e8
data/logfinal/646cf9ce-e8e9-4637-b843-2c6908a93a8f.Log.final.out	77e81e3e252edd7c1532bcccba2598c0
data/logfinal/6685b1ee-a9b3-4f67-95c5-507847dbcd63.Log.final.out	0b3c4dca582f4fac0537551712842143
data/logfinal/71263324-796a-4f08-bba6-ecb2ae483f5a.Log.final.out	52cc19dd58fa5f2a651152a0bc1f0b2b
data/logfinal/766bbaa9-e498-471f-9f72-63a143e6656b.Log.final.out	61588d3c14ea57e73a4af2c1cb6ea061
data/logfinal/775f1aa3-d8aa-42a4-928f-61defc5b5134.Log.final.out	6d6e1464980b619404a0ba25f3f8d770
data/logfinal/824425ea-7871-479f-9344-328cab4f26ad.Log.final.out	564cdd08e365036bcbecda899e5e4b29
data/logfinal/870fe86d-4cb7-46a9-8d3e-2057995e763c.Log.final.out	2ed6def5d72e33519a6bd991db724883
data/logfinal/95350f94-dc26-45e6-8183-28e9c7250ade.Log.final.out	e2d6c9ba6dc638ab40cadc8756a5e910
data/logfinal/SA00242.Log.final.out	3f5910f21b43ad0f069bd0c84534456e
data/logfinal/SA03982.Log.final.out	758e00bb3054089bab2a63c74ba99aa8
data/logfinal/SA05603.Log.final.out	665c581b8533fe99ac65a549505de637
data/logfinal/SA15699.Log.final.out	029b154a91d17b53f0ace0cbcace88ee
data/logfinal/SA22083.Log.final.out	f8f6b41fa172e7c642c07d00fbd133ab
data/logfinal/SA24823.Log.final.out	d73e2f641ad2d7a950a5ebdc59335552
data/logfinal/SA29677.Log.final.out	be77a8d866fc72ef12171ce8a3022c3e
data/logfinal/SA30914.Log.final.out	40d6d95abf0682c3e0d9c19cbc5078d9
data/logfinal/SA52314.Log.final.out	f55c86ab749375bdd71e7c97152b6282
data/logfinal/SA52609.Log.final.out	c1cf2bca1b2a8d4cb652ab98c692031e
data/logfinal/SA58773.Log.final.out	7b57e6a818bca4612cda6721eab38378
data/logfinal/SA65385.Log.final.out	d38ca47e3a2e7a1da7e0c54e4c2e2cac
data/logfinal/SA66418.Log.final.out	f2365e2a1e83073c6a7aaaef33ee79a9
data/logfinal/SA83613.Log.final.out	c53ca07bd23819b0bc4857a5dcbe69a7
data/logfinal/SA93051.Log.final.out	5e870198966cdda7ec2c7e6c21f6a172
data/logfinal/SA95730.Log.final.out	d64f82e0c00dfbc28fb595e55c9c4ca9
data/logfinal/SRR628582.Log.final.out	cbb40d304468d8802375c2b58d4c89e8
data/logfinal/SRR628583.Log.final.out	78521d3e1f6d9aaf4a8b751e18fe5365
data/logfinal/SRR628584.Log.final.out	486835a360e93dd396dee78e59c384a4
data/logfinal/SRR628585.Log.final.out	1c1bc66375152ed41f1fe36cb24a259b
data/logfinal/SRR628586.Log.final.out	b547f27c68a1d1f47075e8cc0d9229f9
data/logfinal/SRR628587.Log.final.out	bde5acaa95b4d94e16e8b90a1fbab3a2
data/logfinal/SRR628588.Log.final.out	447a0ec716f537727422e63b3117ba01
data/logfinal/SRR628589.Log.final.out	9ce4018dcef08560d6cc1d80d88c02ed
data/logfinal/a0fbd146-2f78-4b9c-bc09-4f4ccd112373.Log.final.out	d36e5df55ee77da7298dcfc6d185b06a
data/logfinal/a35a1390-32a3-4b30-a132-3aac37c1f8cb.Log.final.out	d4360a1f10b10590d76f34507bf51032
data/logfinal/a3a2cddb-ba5f-4dbd-a51a-555e5d758fb3.Log.final.out	70bb744d860b5f4aed76e3465eb8812c
data/logfinal/a4097518-431c-40b9-a540-2fc0d8f76e17.Log.final.out	a4af98b93ab1d06c49f21f5a58d9dd3e
data/logfinal/a81337f5-e346-42f0-87a2-9aab7dc1e5b4.Log.final.out	0408779bb1f4b35179c6964015220169
data/logfinal/ac27f4b6-daeb-4cf8-b868-54a70d30778b.Log.final.out	b4b5ab32356152cf5ba937ca50aac57e
data/logfinal/b48874ac-eaff-4ddb-b99b-1b96076914b1.Log.final.out	ac7e13d3e8df966ec6b7058a873dbcd8
data/logfinal/b6b7fb9f-129f-4baa-961b-5715adb22a62.Log.final.out	4e5def78adedb81dd6ee1dbefcb5a5f4
data/logfinal/bb496a29-fd16-4ffe-a000-4e70ea9aa76c.Log.final.out	f318c232cc8633fceac9d014bced53f0
data/logfinal/bc0af03f-aa40-4b39-8876-6f2e7397181c.Log.final.out	9f456059cceb6d7e8cfbe43242c09403
data/logfinal/c52c3859-08f8-4f50-8596-bfa497a0d24f.Log.final.out	07e3ba5333b36d49d712641b842998f4
data/logfinal/cd37724f-9a98-4676-b9a5-e8d6999db1f5.Log.final.out	7fad06d245e020112ffe782fe48d5b80
data/logfinal/d217d14a-2132-433c-bcac-ccab9d296724.Log.final.out	a802f6541362854c23fb4e7a330e4cb7
data/logfinal/d38df7db-3c58-4865-ae5a-e1e0b80201f1.Log.final.out	59fa2c3e196127a3a63b0b93429a51a0
data/logfinal/d3e5466a-4861-4eb9-b5e9-f1b851afd72b.Log.final.out	04ddc0d8aec087441ede6404a5913a82
data/logfinal/d6b6eb3b-00bd-412d-a610-bc474e0cc319.Log.final.out	8e974bd5b3be78d4d0afc59c3386b277
data/logfinal/dfb5fd44-421f-473b-8aef-c7d275c5adcb.Log.final.out	ccc4245bd1a65e58be5de476c4f5dc88
data/logfinal/ead4b73b-6a51-4863-b24c-44e0fff1bbce.Log.final.out	d846b2e59cb15017ef71faaac74c8625
data/logfinal/eaedb35d-ec72-45df-8790-18deafa143b8.Log.final.out	0a8e0da0ee40a814223941a80ff96096
data/logfinal/f1d78984-f956-4ed0-9420-63a9e3de989b.Log.final.out	e777c9f1ed480a966031a30024d0e052
data/logfinal/faba33e9-25ba-4bd5-af3d-d266e714ffa1.Log.final.out	fb9995fc057c8eecb20c975a82806e11
data/logfinal/fde0f3c2-c9db-4a98-89f9-53685c482160.Log.final.out	7c43ab7e13c4c7510b901dcb99c11d7e
data/logfinal/ff780a21-8949-4bd9-8354-7f636cbfe744.Log.final.out	7dc9d2225b3bc481f3674dc836d147d7
data/logfinal/fff72492-a90f-4699-a1d7-8e9186bd3cd6.Log.final.out	b2250c471a1a690c4a7cda824212b90b
data/metadata.tsv	48c0808cc49721e4344b3b4775348699
data/metadata.tsv.readme	1c9d57ee3d6819bb4f699a46bae63fa7
data/sf3b1_mut_info.tsv	bee806b5f1cd64a26b3968e0394b57bd
data/sf3b1_mut_info.tsv.readme	cf7e8078f09c2ae79925d9402f061331
data/sjout.readme	11b0cbe2f1ad11d09a4b5eee14b78236
data/sjout/01e63570-aa28-4169-81da-76e838845e78.SJ.out.tab	6ab446689a52edf8bb350c65f58da9df
data/sjout/04f38ef0-e3f5-452a-bc19-e5ae76a666ca.SJ.out.tab	f37bc5708342b818b9271d9e3cf48485
data/sjout/059067a2-7bf7-4360-b564-3c94319ac2e2.SJ.out.tab	33f29f5cd56364c713c3eac0071091c4
data/sjout/09004786-790a-48c9-b3ab-76e92f2e69dd.SJ.out.tab	e09506ef7868ea2bc8f04f1296d3e953
data/sjout/12bd8213-844d-4b11-8036-d547d4112447.SJ.out.tab	beec3b4304275df94b5b578f7dcf04bb
data/sjout/1a6b6ef8-736e-424e-bcb4-b1640c15bf0e.SJ.out.tab	9976ca8127c7f1d2d1dbaf71e90f382e
data/sjout/1c764fb7-631c-4425-8083-7cd27dcbc809.SJ.out.tab	6f653b5184ddd89553f830ecf4634845
data/sjout/20883c55-f271-44ea-a7d2-8806e02a088f.SJ.out.tab	440d05e74416b6764d92e6191b5b2349
data/sjout/22e1471d-75ca-4259-a147-a667914e2820.SJ.out.tab	e45ac80de26548c050e2c152217e1b78
data/sjout/23712cb6-d37f-463d-8c24-99066067c283.SJ.out.tab	0f3e2b3ac371f952c6bfad9a55ff8817
data/sjout/26835e9c-11f9-476f-9d6b-ebc0ae3442e8.SJ.out.tab	8b8a962c416b857306be927e2a08e797
data/sjout/319489b3-2148-4cec-93fb-0540d6cda6bf.SJ.out.tab	ab4b5f27e1dfb15c827a1bab5d3096f8
data/sjout/3e2f068a-8235-44c6-97cb-bbf8916a3949.SJ.out.tab	7ee5341fca9313d01f7c69a8fbd6c4d3
data/sjout/3e82732e-8b47-4cb4-9035-22f9cdbc10c6.SJ.out.tab	0925b2604d64f9abf8b8c22c597350ba
data/sjout/3ed7f6c6-5ab0-40cd-8da2-124a7451d287.SJ.out.tab	23fd8b3251b8f8d5e520f1cbca5b07b4
data/sjout/40dd04c6-ce5d-4c30-aaff-86ece9c78507.SJ.out.tab	4c6923612a5e7a2df8eb55368fc18eef
data/sjout/42857e49-6357-4fc2-966e-50c8d9ba841f.SJ.out.tab	43d7fc439a1750a5f9de696ab0548d8e
data/sjout/48f12aef-e572-4cd8-9c5a-edda7e5385aa.SJ.out.tab	492d389085478deaf55c24cfbfb7e3a8
data/sjout/4c4b2906-f082-4fcc-83e0-039e163ee8cc.SJ.out.tab	a2c14df5d80836d7e7779c310e91c5cc
data/sjout/4c9289e0-378e-4293-877c-e12d207f384e.SJ.out.tab	d4a9355d66275e4cdc823212dc1abb1f
data/sjout/545c799d-6416-40a2-86e0-a132ed4885b3.SJ.out.tab	60b91d1d0f1fa78cea31771029c8f14e
data/sjout/5726682f-cb9d-4ccb-a5c7-0664d3ad0881.SJ.out.tab	38691cf6bf9e0842def2fd8c799b0d81
data/sjout/5b043b12-41f4-4bd9-89eb-57e7f27cfabf.SJ.out.tab	cd65e7f509709696ed34231902f696a9
data/sjout/6004e153-e459-44c9-b3e7-5474bac6b953.SJ.out.tab	ebd1f219a3df9c25e086b83acfd5f8fb
data/sjout/63b2f6d2-2f86-4986-bcc1-9e1aae13f8bd.SJ.out.tab	d6dd62c6cf62ad60072291ab32e795f5
data/sjout/646cf9ce-e8e9-4637-b843-2c6908a93a8f.SJ.out.tab	c218d3fef9a7d93553582fed3fddb353
data/sjout/6685b1ee-a9b3-4f67-95c5-507847dbcd63.SJ.out.tab	09e3dba9cfd298b67f6dc05c25f5f5ad
data/sjout/71263324-796a-4f08-bba6-ecb2ae483f5a.SJ.out.tab	bf90e80a8153ec4cefa61a062c396caf
data/sjout/766bbaa9-e498-471f-9f72-63a143e6656b.SJ.out.tab	64cf7769c4b45193df8176fac836b3ae
data/sjout/775f1aa3-d8aa-42a4-928f-61defc5b5134.SJ.out.tab	43d0f7e883607a7b8843b5c8026381a0
data/sjout/824425ea-7871-479f-9344-328cab4f26ad.SJ.out.tab	6a024c14ebce2bfbf90c160f0a61c78d
data/sjout/870fe86d-4cb7-46a9-8d3e-2057995e763c.SJ.out.tab	f6dc51a5f7b6a5f1a141c0fee1300d2d
data/sjout/95350f94-dc26-45e6-8183-28e9c7250ade.SJ.out.tab	bd27694b2359e4dbd00180e81fee2c9e
data/sjout/SA00242.SJ.out.tab	5a9d9821ed65aa9a09219085a2db831b
data/sjout/SA03982.SJ.out.tab	3597f1f4fbfcf93b66bf9157faef527e
data/sjout/SA05603.SJ.out.tab	72a2cc88d3b5fead762eda5ed1aae1be
data/sjout/SA15699.SJ.out.tab	a6884045cc70152f654d545da1edf85a
data/sjout/SA22083.SJ.out.tab	d4b2bbf254e01b9c9867e7c8b8f6bf31
data/sjout/SA24823.SJ.out.tab	da9b6be99cdf050213c50b1c1d15d52e
data/sjout/SA29677.SJ.out.tab	1da8b7fe07adbdcb2e7332a0371fa028
data/sjout/SA30914.SJ.out.tab	7ac186a625dddfa927b22ef5beeb2a44
data/sjout/SA52314.SJ.out.tab	a203764439ec19d890752447aa6d2a96
data/sjout/SA52609.SJ.out.tab	d73ad55ec6021b3fcf8e775f2dc2377f
data/sjout/SA58773.SJ.out.tab	9bef9b7f243f5d61f3e715658e6afa60
data/sjout/SA65385.SJ.out.tab	4e500f1fcd95547cf5f477500c1c133c
data/sjout/SA66418.SJ.out.tab	bca0711afe6b750ef921e73005f426ce
data/sjout/SA83613.SJ.out.tab	09ba0aa1986ca5824d751b1d14397792
data/sjout/SA93051.SJ.out.tab	25eabdddba0ccf9c5ed0a096753b1faa
data/sjout/SA95730.SJ.out.tab	2f15c3b1f10662a90eb105b7a19543e2
data/sjout/SRR628582.SJ.out.tab	668894ef62847313c71996a7342fe178
data/sjout/SRR628583.SJ.out.tab	f6e08e9246256998765dfdd4eef4c32d
data/sjout/SRR628584.SJ.out.tab	0065ac5a0505d58c563fc3932d2111ae
data/sjout/SRR628585.SJ.out.tab	671db1a727d4b00334c33e1df1af3d46
data/sjout/SRR628586.SJ.out.tab	c6c32ce1fe7e23a5bd14721039b3e6aa
data/sjout/SRR628587.SJ.out.tab	569ba5518648913f71e969b156981bab
data/sjout/SRR628588.SJ.out.tab	638a093baca7ca9421adf9d3819e21ae
data/sjout/SRR628589.SJ.out.tab	cffec95880e06c4182c50af65ed6f5e9
data/sjout/a0fbd146-2f78-4b9c-bc09-4f4ccd112373.SJ.out.tab	dae3f387c0ab6ccec7fa4b76c9950dde
data/sjout/a35a1390-32a3-4b30-a132-3aac37c1f8cb.SJ.out.tab	ebad82affb7cd216d5a4a1e6982a717e
data/sjout/a3a2cddb-ba5f-4dbd-a51a-555e5d758fb3.SJ.out.tab	0b407fce02920f1243be5b278f44fac5
data/sjout/a4097518-431c-40b9-a540-2fc0d8f76e17.SJ.out.tab	92d13dce58366d6a8445e681ffefb1f5
data/sjout/a81337f5-e346-42f0-87a2-9aab7dc1e5b4.SJ.out.tab	e253952f9c322856f486bdaf129d69d6
data/sjout/ac27f4b6-daeb-4cf8-b868-54a70d30778b.SJ.out.tab	9a3b2f17cb1e67e4a2ed4aa9e33b3ead
data/sjout/b48874ac-eaff-4ddb-b99b-1b96076914b1.SJ.out.tab	723a1ecc18d003d2eb4b86f5b7be5c93
data/sjout/b6b7fb9f-129f-4baa-961b-5715adb22a62.SJ.out.tab	9846b2d94b94beb13c9c9f76d0e19f95
data/sjout/bb496a29-fd16-4ffe-a000-4e70ea9aa76c.SJ.out.tab	816721ae76188c6be12e6c448af01209
data/sjout/bc0af03f-aa40-4b39-8876-6f2e7397181c.SJ.out.tab	e6bacd967665ee0335cdb431c5ac1d8a
data/sjout/c52c3859-08f8-4f50-8596-bfa497a0d24f.SJ.out.tab	33ef060e93fc0246065989a69b9f584d
data/sjout/cd37724f-9a98-4676-b9a5-e8d6999db1f5.SJ.out.tab	430f59ea72e0d8cf3f8a18cdf5ace0ba
data/sjout/d217d14a-2132-433c-bcac-ccab9d296724.SJ.out.tab	93b4b2220813bf06a4d65266fb59630f
data/sjout/d38df7db-3c58-4865-ae5a-e1e0b80201f1.SJ.out.tab	4cbf4eab2040fefad25bfb11b04477dc
data/sjout/d3e5466a-4861-4eb9-b5e9-f1b851afd72b.SJ.out.tab	2ff0c2ec68c327aa1206b2bdac2ef3ef
data/sjout/d6b6eb3b-00bd-412d-a610-bc474e0cc319.SJ.out.tab	9192bcb29ac9014c496099d6dd0cd155
data/sjout/dfb5fd44-421f-473b-8aef-c7d275c5adcb.SJ.out.tab	28be60c49f2bd378a4c3cbf8117f136a
data/sjout/ead4b73b-6a51-4863-b24c-44e0fff1bbce.SJ.out.tab	fe8cef31ce1f839a33c5b54c498d0c9f
data/sjout/eaedb35d-ec72-45df-8790-18deafa143b8.SJ.out.tab	6e2df436e76f10f9d6768e59b3027c67
data/sjout/f1d78984-f956-4ed0-9420-63a9e3de989b.SJ.out.tab	4381ad5ca0c3164cd6aa57fb96e5ec98
data/sjout/faba33e9-25ba-4bd5-af3d-d266e714ffa1.SJ.out.tab	9a296f0ba3751c1b20ba2a1c603b09d1
data/sjout/fde0f3c2-c9db-4a98-89f9-53685c482160.SJ.out.tab	878c4e3f0628385371c490f91df79722
data/sjout/ff780a21-8949-4bd9-8354-7f636cbfe744.SJ.out.tab	cc6343e07fb86021207563b41916dd3d
data/sjout/fff72492-a90f-4699-a1d7-8e9186bd3cd6.SJ.out.tab	919d5688fbfc9b2d1b3f916652924d7e
output/branch_point_analysis/annot_all_bp.tsv	0e6f18658618dd35a9f7cad073c8eb24
output/branch_point_analysis/annot_intron_seq.fa	ff57eea4931da8786b6c483da29f2ee8
output/branch_point_analysis/annot_jxns.tsv	1dd96c52c73c7a63e679c379fcd65d5e
output/branch_point_analysis/annot_single_bp.tsv	7d50e50b2263d57112692eeaf4a4f0eb
output/branch_point_analysis/annot_single_bp_second.tsv	5e822b39708158a7420346240fef6ecd
output/branch_point_analysis/control_ag_dists.txt	c4c10f80e8486ef179de8c4cd7db8e6d
output/branch_point_analysis/control_all_bp.tsv	f9f0409c0ec25b4ca0fea28a45a2c28e
output/branch_point_analysis/control_intron_seq.fa	d24cd3d5397e22c7b1085e11ee76e415
output/branch_point_analysis/control_jxns.tsv	a26fb21d4a26d06bf23e94390e62d891
output/branch_point_analysis/control_single_bp.tsv	f3a8ec9a95dc02fc8cb2b58156f01647
output/branch_point_analysis/distal_all_bp.tsv	57915eaa1a65793aff893630190b1d45
output/branch_point_analysis/distal_intron_seq.fa	7b991ba4f95cda80253ce56fbc6ae233
output/branch_point_analysis/distal_jxns.tsv	f8d9c4f43e0d266ec06401532e51562a
output/branch_point_analysis/distal_single_bp.tsv	83d77065091dc458eb37b4dae6bff05a
output/branch_point_analysis/not_proximal_all_bp.tsv	b042136592d82feb649133b1ba08e89b
output/branch_point_analysis/not_proximal_intron_seq.fa	c1cfff88f7483b3b3dd46c3d73ff378b
output/branch_point_analysis/not_proximal_jxns.tsv	9ee59ae3f6053b5c15565d95a88b4152
output/branch_point_analysis/not_proximal_single_bp.tsv	5a062e5af5340f630651f9a76ff7d8cf
output/branch_point_analysis/proximal_all_bp.tsv	8d769681280ea02b9cb34149aa079cc8
output/branch_point_analysis/proximal_intron_seq.fa	1cfbea9165e1d886705cb609e9ac27d0
output/branch_point_analysis/proximal_jxns.tsv	86f82f2af8e555ab34302d99a2406338
output/branch_point_analysis/proximal_single_bp.tsv	3230d87b549bec3e3160c61ee821f4ae
output/branch_point_analysis/proximal_single_bp_second.tsv	e9f1e2e8eb9f843a8b99d560626a5397
output/branch_point_analysis/proximal_to_annot.tsv	f66b6da486184a296edbf5f1c6df1ab6
output/deseq2/GSEA_MSigDB_Compute Overlaps.pdf	d381b4e7064da5f4f6390a59a5b1ec80
output/deseq2/GSEA_MSigDB_Investigate Gene Sets.pdf	e09d4632ad578fe2d962da7de92b134a
output/deseq2/brca_cll_um_deseq2.RData	d7016a9df5fc0bfc7faa101c99008a22
output/deseq2/brca_cll_um_deseq2_size_factors.tsv	2c470f7524707064477fa0fb940e79e0
output/deseq2/brca_cll_um_results.csv	c64008a74ff0e0a42eab49cb1ac58763
output/deseq2/brca_cll_um_sig_genes.tsv	46e9e90d53729d19c15c40ce265ccad9
output/deseq2/cll_deseq2.RData	dc7657392778b894f482d5f27ca7f033
output/deseq2/cll_deseq2_size_factors.tsv	e39be9934c2a0050a6c8303b3aaaa147
output/deseq2/cll_results.csv	3da8936cbef024cd94f17fb0567ba54d
output/dexseq/brca.R	5a5c8564631c19e5428c3ea8a5daf674
output/dexseq/brca.Rout	31ad754f6cd78f3bcfbfb74f70263663
output/dexseq/brca_cll_luad_lusc_um.R	33a3b50c968168da6e31ae403a38c90d
output/dexseq/brca_cll_luad_lusc_um.Rout	a960f70b70943202209a428d70c69905
output/dexseq/brca_cll_luad_lusc_um_dexseq_results.tsv	216f1dc126ce60fc02ffbebb9f1b08fa
output/dexseq/brca_cll_luad_lusc_um_size_factors.tsv	21e9874c087d6752c8cbaa3eb8786818
output/dexseq/brca_cll_um.R	1e085725a89b263f7069f22179539efa
output/dexseq/brca_cll_um.Rout	e6215d22ebfd2ecb5ae830c2b9375047
output/dexseq/brca_cll_um_dexseq_results.tsv	76f6cc12b55e633ba00315f16ed694f9
output/dexseq/brca_cll_um_size_factors.tsv	dd559c25528726d090235badfa3b107f
output/dexseq/brca_dexseq_results.tsv	f0f3f2c23acd99c911ab3c84f58ce660
output/dexseq/brca_size_factors.tsv	fb85d09966fc9a72261ab12436e4ca57
output/dexseq/cll.R	8f7c5774bf979b94d54cf5680adcd7bf
output/dexseq/cll.Rout	a877338007f9f8eb5cded011e7b981ac
output/dexseq/cll_dexseq_results.tsv	e7e5ca3b4ca5043971d8319cc506fdb8
output/dexseq/cll_size_factors.tsv	ecde36983e39b4e0afd80d43f43f5fe2
output/dexseq/um.R	9d753b817240de9b3444331121bea96f
output/dexseq/um.Rout	281ee13218e03227c8c40b7e84fc910c
output/dexseq/um_dexseq_results.tsv	803bd51734f9685460376a7a83d161c6
output/dexseq/um_size_factors.tsv	46dac30b82932d4db90f0851419837eb
output/figure01/figure01.pdf	fbd9ea1113089a173469fbf498c97d60
output/figure02/annot_intron_seq.png	59ba3fec2935589eb88031c6e8456f63
output/figure02/control_intron_seq.png	43ad26da19b0a49ca231b123ad12d5d2
output/figure02/figure02.pdf	d87fd21fe2fb9784358ded962249ab86
output/figure02/figure02_precursor.pdf	f7bc0494a09f63f8190f6b4d0c8aa847
output/figure02/not_proximal_intron_seq.png	1bd92785251facd51e373ee9ed4a5f02
output/figure02/proximal_intron_seq.png	8f6a01fff9e5f627b1e13645ffc7560f
output/figure03/figure03.pdf	5f465cb4e7a91037b45d08ff57fb5a18
output/figure03/figure03_precursor.pdf	fa8a5d4bfc4ea6cd4be5612e2d663e38
output/figure04/figure04.pdf	fefddd6cbe6b67fa423f08d1bfcca385
output/gencode_sjout_express_processing/brca_cll_luad_lusc_um_sj_annot.tsv	8ab790000f502984f8023cdce3545c96
output/gencode_sjout_express_processing/brca_cll_luad_lusc_um_sj_counts.tsv	8f59fae9348a17d38b2aba58841bc16a
output/gencode_sjout_express_processing/brca_cll_luad_lusc_um_sj_stats.tsv	70bf07a587d32651f0e35bb4e9e05db9
output/gencode_sjout_express_processing/brca_cll_um_sj_annot.tsv	a42bcf44a435189472f6009310619ed2
output/gencode_sjout_express_processing/brca_cll_um_sj_counts.tsv	85bddead8207999583df60c407b24e9f
output/gencode_sjout_express_processing/brca_cll_um_sj_stats.tsv	62b83c781ab3eca3f273a76dafe1b58b
output/gencode_sjout_express_processing/brca_sj_annot.tsv	039a97c7333559e3b25319ecd770c3e1
output/gencode_sjout_express_processing/brca_sj_counts.tsv	4ce7b6b44e348152065fc843e941c445
output/gencode_sjout_express_processing/brca_sj_stats.tsv	c467ce76f1a35f3bd9c5a2e62d10657e
output/gencode_sjout_express_processing/cll_sj_annot.tsv	333c0958d61d74d2bab6acc6a5755c70
output/gencode_sjout_express_processing/cll_sj_counts.tsv	e24e1b72979a9cc629e2015a18e387ee
output/gencode_sjout_express_processing/cll_sj_stats.tsv	e8b6a3fcbf09d1a360e4f444de00a9dc
output/gencode_sjout_express_processing/gene_eff_counts.tsv	9495b7b1b88947589cf6db7ab3d8ef6a
output/gencode_sjout_express_processing/gene_fpkm.tsv	1a9a315c189bf4a674d95405b0accbfc
output/gencode_sjout_express_processing/gene_info.tsv	113547f6bc8bd4efe86a29d7f64bce48
output/gencode_sjout_express_processing/junction_info.tsv	54a40a5a534125185788ff1dec01a301
output/gencode_sjout_express_processing/star_logs.tsv	e9559ee368e537bc1670e60c11f52169
output/gencode_sjout_express_processing/transcript_eff_counts.tsv	1540113c53c085a4fa42a466af296662
output/gencode_sjout_express_processing/transcript_fpkm.tsv	70f3a576e2439633afca535118d88b9d
output/gencode_sjout_express_processing/transcripts_genes.tsv	2ec83bef7256d51b55a01cd5ab25d6e8
output/gencode_sjout_express_processing/um_sj_annot.tsv	9295b266f054d09f327420a86811d94e
output/gencode_sjout_express_processing/um_sj_counts.tsv	6a64918105d9f43212288b601b0dc74e
output/gencode_sjout_express_processing/um_sj_stats.tsv	2080449adc9a1d4078ef8088ac6a0f58
output/sfigure01/sfigure01.pdf	fd369600b9827e35e3bbe61efa25cb3b
output/sfigure01/sfigure01.png	bbd4dd3d093ca6ec6aead041667e3064
output/sfigure02/sfigure02.pdf	efdf86d2fc2b59cd080d4e6bf4642e32
output/sfigure03/sfigure03.pdf	db484d113d1f301e213b9279b1f71961
output/sfigure04/sfigure04.pdf	c9cd6529a1e4bb80f68237a468e1ed5a
output/sfigure05/sfigure05.pdf	719dbddd3df2a2a428cc89aa4fae7ac6
output/supplementary_tables/stable01.tsv	e8e063b6dced737bde089b3565b60786
output/supplementary_tables/stable02.tsv	0ef45ccf10909f41134bb30e63bea687
output/supplementary_tables/stable03.tsv	ae2a6fe0e1a377ea8238ef3960e81e6f
output/supplementary_tables/stable04.tsv	81257896fe5155f229dfc7f856cfbbb5
output/supplementary_tables/stable05.tsv	4f9c34d2b1d0cf85de8d947f0ca595fc
output/supplementary_tables/stable06.tsv	6ba1b30c1e7d4afb27ea188ef74a6588
output/supplementary_tables/stable07.tsv	0fb9e697ac810f7e302b6c6f26c89b50
